"Inspection date";"ID Code";"Status";"Errors";"Warnings";"Duration (s)";"Review (s)";"Smema (s)";"Operator";"Review status";"Review operator";"Squeegee direction";"Batch";"Lot";"Iteration";"Error type";"Variant";
2025-10-25 05:39:39;2002626909;Warn;0;1;31.5;0.0;18.7;install;-;-;REAR_TO_FRONT;wo2126565;;1;PE_NO_INFO;;
2025-10-25 05:38:41;2002626910;Warn;0;24;30.6;0.0;20.4;install;-;-;FRONT_TO_REAR;wo2126565;;1;PE_NO_INFO;;
2025-10-25 05:37:42;2002626911;Warn;0;1;31.5;0.0;20.0;install;-;-;REAR_TO_FRONT;wo2126565;;1;PE_NO_INFO;;
2025-10-25 05:36:36;2002626912;Warn;0;1;33.3;0.0;26.5;install;-;-;FRONT_TO_REAR;wo2126565;;1;PE_NO_INFO;;
2025-10-25 05:35:38;2002626913;Good;0;0;37.1;0.0;14.4;install;-;-;REAR_TO_FRONT;wo2126565;;1;PE_NO_INFO;;
2025-10-25 05:34:40;2002626914;Good;0;0;34.1;0.0;17.0;install;-;-;FRONT_TO_REAR;wo2126565;;1;PE_NO_INFO;;
2025-10-25 05:33:09;2002626915;Good;0;0;36.8;0.0;47.1;install;-;-;REAR_TO_FRONT;wo2126565;;1;PE_NO_INFO;;
2025-10-25 05:32:10;2002626916;Warn;0;2;29.9;0.0;22.7;install;-;-;FRONT_TO_REAR;wo2126565;;1;PE_NO_INFO;;
2025-10-25 05:31:13;2002626917;Warn;0;8;35.1;0.0;15.2;install;-;-;REAR_TO_FRONT;wo2126565;;1;PE_NO_INFO;;
2025-10-25 05:30:14;2002626918;Warn;0;22;28.9;0.0;22.6;install;-;-;FRONT_TO_REAR;wo2126565;;1;PE_NO_INFO;;
2025-10-25 05:29:17;2002626919;Warn;0;1;31.5;0.0;19.0;install;-;-;REAR_TO_FRONT;wo2126565;;1;PE_NO_INFO;;
2025-10-25 05:28:19;2002626920;Warn;0;1;31.4;0.0;20.2;install;-;-;FRONT_TO_REAR;wo2126565;;1;PE_NO_INFO;;
2025-10-25 05:27:35;2002626921;Warn;0;1;34.3;0.0;2.8;install;-;-;REAR_TO_FRONT;wo2126565;;1;PE_NO_INFO;;
2025-10-25 05:25:56;2002626922;Good;0;0;28.8;0.0;63.6;install;-;-;FRONT_TO_REAR;wo2126565;;1;PE_NO_INFO;;
2025-10-25 05:25:10;2002626923;Good;0;0;29.7;0.0;9.0;install;-;-;REAR_TO_FRONT;wo2126565;;1;PE_NO_INFO;;
2025-10-25 05:22:24;E20251025T052255;Good;0;0;160.0;0.0;0.8;install;-;-;FRONT_TO_REAR;wo2126565;;1;PE_NO_INFO;;
2025-10-25 05:21:29;2002626925;Good;0;0;28.0;0.0;19.8;install;-;-;REAR_TO_FRONT;wo2126565;;1;PE_NO_INFO;;
2025-10-25 05:20:11;2002626926;Good;0;0;33.2;0.0;38.0;install;-;-;FRONT_TO_REAR;wo2126565;;1;PE_NO_INFO;;
2025-10-25 05:19:36;2002626927;Warn;0;3;28.0;0.0;0.8;install;-;-;REAR_TO_FRONT;wo2126565;;1;PE_NO_INFO;;
2025-10-25 05:18:54;2002626928;Warn;0;24;34.2;0.0;0.6;install;-;-;FRONT_TO_REAR;wo2126565;;1;PE_NO_INFO;;
2025-10-25 05:17:02;E20251025T051738;Good;0;0;105.9;0.0;0.8;install;-;-;REAR_TO_FRONT;wo2126565;;1;PE_NO_INFO;;
2025-10-25 05:16:03;2002626930;Warn;0;15;36.1;0.0;15.4;install;-;-;FRONT_TO_REAR;wo2126565;;1;PE_NO_INFO;;
2025-10-25 05:15:05;2002626931;Good;0;0;35.9;0.0;16.2;install;-;-;REAR_TO_FRONT;wo2126565;;1;PE_NO_INFO;;
2025-10-25 05:14:04;2002626932;Good;0;0;36.9;0.0;17.0;install;-;-;FRONT_TO_REAR;wo2126565;;1;PE_NO_INFO;;
2025-10-25 05:13:07;2002626933;Warn;0;1;37.0;0.0;13.3;install;-;-;REAR_TO_FRONT;wo2126565;;1;PE_NO_INFO;;
2025-10-25 05:12:06;2002626934;Good;0;0;36.9;0.0;17.5;install;-;-;FRONT_TO_REAR;wo2126565;;1;PE_NO_INFO;;
2025-10-25 05:10:40;2002626935;NoGood;1;0;34.2;28.8;17.4;install;Pass;install;REAR_TO_FRONT;wo2126565;;1;PE_NO_INFO;;
2025-10-25 05:09:03;2002626936;Good;0;0;28.0;0.0;62.2;install;-;-;FRONT_TO_REAR;wo2126565;;1;PE_NO_INFO;;
2025-10-25 05:08:03;2002626937;Good;0;0;32.4;0.0;20.3;install;-;-;REAR_TO_FRONT;wo2126565;;1;PE_NO_INFO;;
2025-10-25 05:06:47;2002626938;Good;0;0;29.8;0.0;39.3;install;-;-;FRONT_TO_REAR;wo2126565;;1;PE_NO_INFO;;
2025-10-25 05:05:48;2002626714;Good;0;0;35.9;0.0;16.5;install;-;-;REAR_TO_FRONT;wo2126565;;1;PE_NO_INFO;;
2025-10-25 05:04:51;2002626715;Warn;0;2;32.4;0.0;18.2;install;-;-;FRONT_TO_REAR;wo2126565;;1;PE_NO_INFO;;
2025-10-25 05:03:53;2002626716;Warn;0;3;31.5;0.0;20.1;install;-;-;REAR_TO_FRONT;wo2126565;;1;PE_NO_INFO;;
2025-10-25 05:02:56;2002626717;Warn;0;1;29.7;0.0;20.6;install;-;-;FRONT_TO_REAR;wo2126565;;1;PE_NO_INFO;;
2025-10-25 05:01:56;2002626718;Warn;0;1;35.9;0.0;17.0;install;-;-;REAR_TO_FRONT;wo2126565;;1;PE_NO_INFO;;
2025-10-25 05:01:01;2002626719;Warn;0;17;30.6;0.0;18.0;install;-;-;FRONT_TO_REAR;wo2126565;;1;PE_NO_INFO;;
2025-10-25 04:58:38;2002626720;NoGood;1;8;30.7;7.8;98.7;install;Pass;install;REAR_TO_FRONT;wo2126565;;1;PE_NO_INFO;;
2025-10-25 04:57:41;2002626721;Warn;0;1;30.6;0.0;19.8;install;-;-;FRONT_TO_REAR;wo2126565;;1;PE_NO_INFO;;
2025-10-25 04:56:12;2002626722;Good;0;0;28.1;0.0;53.4;install;-;-;REAR_TO_FRONT;wo2126565;;1;PE_NO_INFO;;
2025-10-25 04:55:15;2002626723;Warn;0;1;28.9;0.0;22.2;install;-;-;FRONT_TO_REAR;wo2126565;;1;PE_NO_INFO;;
2025-10-25 04:54:17;2002626724;Good;0;0;35.1;0.0;15.2;install;-;-;REAR_TO_FRONT;wo2126565;;1;PE_NO_INFO;;
2025-10-25 04:53:20;2002626725;Warn;0;14;36.0;0.0;15.1;install;-;-;FRONT_TO_REAR;wo2126565;;1;PE_NO_INFO;;
2025-10-25 04:52:43;2002626726;Warn;0;1;28.0;0.0;2.4;install;-;-;REAR_TO_FRONT;wo2126565;;1;PE_NO_INFO;;
2025-10-25 04:52:04;2002626727;Warn;0;6;30.6;0.0;0.6;install;-;-;FRONT_TO_REAR;wo2126565;;1;PE_NO_INFO;;
2025-10-25 04:49:56;2002626728;Good;0;0;30.7;0.0;91.0;install;-;-;REAR_TO_FRONT;wo2126565;;1;PE_NO_INFO;;
2025-10-25 04:49:18;2002626729;Warn;0;27;29.7;0.0;1.2;install;-;-;FRONT_TO_REAR;wo2126565;;1;PE_NO_INFO;;
2025-10-25 04:48:36;2002626730;Good;0;0;35.2;0.0;0.7;install;-;-;REAR_TO_FRONT;wo2126565;;1;PE_NO_INFO;;
2025-10-25 04:47:53;2002626731;Warn;0;2;35.1;0.0;0.7;install;-;-;FRONT_TO_REAR;wo2126565;;1;PE_NO_INFO;;
2025-10-25 04:47:10;2002626732;Good;0;0;35.9;0.0;0.7;install;-;-;REAR_TO_FRONT;wo2126565;;1;PE_NO_INFO;;
2025-10-25 04:46:34;2002626733;Warn;0;3;28.0;0.0;0.6;install;-;-;FRONT_TO_REAR;wo2126565;;1;PE_NO_INFO;;
2025-10-25 04:44:05;E20251025T044439;Good;0;0;142.6;0.0;0.8;install;-;-;REAR_TO_FRONT;wo2126565;;1;PE_NO_INFO;;
2025-10-25 04:43:04;E20251025T044334;Good;0;0;46.1;0.0;9.4;install;-;-;FRONT_TO_REAR;wo2126565;;1;PE_NO_INFO;;
2025-10-25 04:42:04;2002626707;Good;0;0;28.0;0.0;25.4;install;-;-;REAR_TO_FRONT;wo2126565;;1;PE_NO_INFO;;
2025-10-25 04:41:04;2002626708;Warn;0;1;33.3;0.0;19.7;install;-;-;FRONT_TO_REAR;wo2126565;;1;PE_NO_INFO;;
2025-10-25 04:40:05;2002626709;Good;0;0;28.0;0.0;25.4;install;-;-;REAR_TO_FRONT;wo2126565;;1;PE_NO_INFO;;
2025-10-25 04:39:07;2002626710;Good;0;0;32.4;0.0;17.9;install;-;-;FRONT_TO_REAR;wo2126565;;1;PE_NO_INFO;;
2025-10-25 04:37:36;2002626711;Good;0;0;33.3;0.0;51.5;install;-;-;REAR_TO_FRONT;wo2126565;;1;PE_NO_INFO;;
2025-10-25 04:36:53;2002626712;Good;0;0;35.1;0.0;0.6;install;-;-;FRONT_TO_REAR;wo2126565;;1;PE_NO_INFO;;
2025-10-25 04:34:41;2002626713;Good;0;0;28.0;0.0;96.7;install;-;-;REAR_TO_FRONT;wo2126565;;1;PE_NO_INFO;;
2025-10-25 04:33:43;2002626687;Good;0;0;28.0;0.0;23.6;install;-;-;FRONT_TO_REAR;wo2126565;;1;PE_NO_INFO;;
2025-10-25 04:32:44;2002626688;Good;0;0;28.9;0.0;23.3;install;-;-;REAR_TO_FRONT;wo2126565;;1;PE_NO_INFO;;
2025-10-25 04:31:51;2002626689;Good;0;0;35.9;0.0;10.2;install;-;-;FRONT_TO_REAR;wo2126565;;1;PE_NO_INFO;;
2025-10-25 04:31:14;2002626690;Good;0;0;29.8;0.0;0.7;install;-;-;REAR_TO_FRONT;wo2126565;;1;PE_NO_INFO;;
2025-10-25 04:30:36;2002626691;Good;0;0;30.6;0.0;0.8;install;-;-;FRONT_TO_REAR;wo2126565;;1;PE_NO_INFO;;
2025-10-25 04:30:00;2002626692;Good;0;0;28.0;0.0;0.6;install;-;-;REAR_TO_FRONT;wo2126565;;1;PE_NO_INFO;;
2025-10-25 04:28:57;2002626693;NoGood;9;21;32.4;24.6;0.9;install;Pass;install;FRONT_TO_REAR;wo2126565;;1;PE_NO_INFO;;
2025-10-25 04:28:22;2002626694;Warn;0;4;28.0;0.0;0.6;install;-;-;REAR_TO_FRONT;wo2126565;;1;PE_NO_INFO;;
2025-10-25 04:22:01;2002626695;Warn;0;24;30.6;0.0;342.9;install;-;-;FRONT_TO_REAR;wo2126565;;1;PE_NO_INFO;;
2025-10-25 04:21:25;2002626696;Warn;0;4;28.9;0.0;0.7;install;-;-;REAR_TO_FRONT;wo2126565;;1;PE_NO_INFO;;
2025-10-25 04:20:49;2002626697;Warn;0;15;28.0;0.0;0.7;install;-;-;FRONT_TO_REAR;wo2126565;;1;PE_NO_INFO;;
2025-10-25 04:20:07;2002626698;Warn;0;7;35.1;0.0;0.7;install;-;-;REAR_TO_FRONT;wo2126565;;1;PE_NO_INFO;;
2025-10-25 04:19:24;2002626699;Warn;0;30;35.4;0.0;0.6;install;-;-;FRONT_TO_REAR;wo2126565;;1;PE_NO_INFO;;
2025-10-25 04:17:01;2002626700;NoGood;6;23;31.7;105.1;0.8;install;Pass;install;REAR_TO_FRONT;wo2126565;;1;PE_NO_INFO;;
2025-10-25 04:16:04;2002626701;Good;0;0;35.1;0.0;15.4;install;-;-;FRONT_TO_REAR;wo2126565;;1;PE_NO_INFO;;
2025-10-25 04:15:14;2002626702;Good;0;0;35.1;0.0;8.0;install;-;-;REAR_TO_FRONT;wo2126565;;1;PE_NO_INFO;;
2025-10-25 04:14:07;E20251025T041440;Warn;0;2;60.0;0.0;0.8;install;-;-;FRONT_TO_REAR;wo2126565;;1;PE_NO_INFO;;
2025-10-25 04:13:10;2002626704;Good;0;0;30.6;0.0;19.8;install;-;-;REAR_TO_FRONT;wo2126565;;1;PE_NO_INFO;;
2025-10-25 04:11:46;2002626675;Warn;0;10;35.0;0.0;42.3;install;-;-;FRONT_TO_REAR;wo2126565;;1;PE_NO_INFO;;
2025-10-25 04:11:02;2002626676;Warn;0;1;33.2;0.0;4.2;install;-;-;REAR_TO_FRONT;wo2126565;;1;PE_NO_INFO;;
2025-10-25 04:09:22;2002626677;NoGood;3;27;35.0;58.7;0.8;install;Pass;install;FRONT_TO_REAR;wo2126565;;1;PE_NO_INFO;;
2025-10-25 04:08:20;2002626678;Warn;0;1;28.1;0.0;27.6;install;-;-;REAR_TO_FRONT;wo2126565;;1;PE_NO_INFO;;
2025-10-25 04:07:42;2002626679;Warn;0;28;29.7;0.0;0.8;install;-;-;FRONT_TO_REAR;wo2126565;;1;PE_NO_INFO;;
2025-10-25 04:07:06;2002626680;Warn;0;4;28.9;0.0;0.7;install;-;-;REAR_TO_FRONT;wo2126565;;1;PE_NO_INFO;;
2025-10-25 04:06:27;2002626681;Warn;0;2;31.4;0.0;0.6;install;-;-;FRONT_TO_REAR;wo2126565;;1;PE_NO_INFO;;
2025-10-25 04:04:19;2002626682;NoGood;2;25;30.8;91.3;0.8;install;Pass;install;REAR_TO_FRONT;wo2126565;;1;PE_NO_INFO;;
2025-10-25 04:02:40;E20251025T040308;Warn;0;1;92.7;0.0;0.8;install;-;-;FRONT_TO_REAR;wo2126565;;1;PE_NO_INFO;;
2025-10-25 04:01:41;2002626684;Good;0;0;29.7;0.0;22.0;install;-;-;REAR_TO_FRONT;wo2126565;;1;PE_NO_INFO;;
2025-10-25 03:59:34;2002626685;Warn;0;1;29.8;0.0;90.6;install;-;-;FRONT_TO_REAR;wo2126565;;1;PE_NO_INFO;;
2025-10-25 03:58:37;2002626686;Good;0;0;34.1;0.0;16.4;install;-;-;REAR_TO_FRONT;wo2126565;;1;PE_NO_INFO;;
2025-10-25 03:54:53;2002626667;Good;0;0;36.7;0.0;180.7;install;-;-;FRONT_TO_REAR;wo2126565;;1;PE_NO_INFO;;
2025-10-25 03:54:12;2002626668;Warn;0;4;33.2;0.0;17.4;install;-;-;REAR_TO_FRONT;wo2126565;;1;PE_NO_INFO;;
2025-10-25 03:53:17;2002626669;Warn;0;2;30.4;0.0;0.8;install;-;-;FRONT_TO_REAR;wo2126565;;1;PE_NO_INFO;;
2025-10-25 03:52:40;2002626670;Warn;0;3;29.8;0.0;0.7;install;-;-;REAR_TO_FRONT;wo2126565;;1;PE_NO_INFO;;
2025-10-25 03:52:03;2002626671;Good;0;0;29.7;0.0;0.8;install;-;-;FRONT_TO_REAR;wo2126565;;1;PE_NO_INFO;;
2025-10-25 03:51:21;2002626672;Warn;0;1;34.2;0.0;0.6;install;-;-;REAR_TO_FRONT;wo2126565;;1;PE_NO_INFO;;
2025-10-25 03:50:12;2002626673;NoGood;2;1;28.9;33.7;0.9;install;Pass;install;FRONT_TO_REAR;wo2126565;;1;PE_NO_INFO;;
2025-10-25 03:49:30;2002626674;Warn;0;3;35.0;0.0;421.0;install;-;-;REAR_TO_FRONT;wo2126565;;1;PE_NO_INFO;;
2025-10-25 03:41:47;2002626666;Good;0;0;35.1;0.0;0.6;install;-;-;FRONT_TO_REAR;wo2126565;;1;PE_NO_INFO;;
2025-10-25 03:35:19;2002626655;NoGood;1;3;32.4;349.7;0.8;install;Pass;install;REAR_TO_FRONT;wo2126565;;1;PE_NO_INFO;;
2025-10-25 03:32:23;2002626656;NoGood;1;0;36.1;133.5;0.9;install;Pass;install;FRONT_TO_REAR;wo2126565;;1;PE_NO_INFO;;
2025-10-25 03:31:47;2002626657;Good;0;0;28.0;0.0;0.6;install;-;-;REAR_TO_FRONT;wo2126565;;1;PE_NO_INFO;;
2025-10-25 03:29:26;E20251025T032955;Warn;0;5;135.1;0.0;1.0;install;-;-;FRONT_TO_REAR;wo2126565;;1;PE_NO_INFO;;
2025-10-25 03:28:42;2002626659;Warn;0;1;36.0;0.0;0.7;install;-;-;REAR_TO_FRONT;wo2126565;;1;PE_NO_INFO;;
2025-10-25 03:27:58;2002626660;Good;0;0;36.8;0.0;0.8;install;-;-;FRONT_TO_REAR;wo2126565;;1;PE_NO_INFO;;
2025-10-25 03:27:21;2002626661;Good;0;0;29.7;0.0;0.7;install;-;-;REAR_TO_FRONT;wo2126565;;1;PE_NO_INFO;;
2025-10-25 03:26:38;2002626662;Warn;0;4;35.0;0.0;0.7;install;-;-;FRONT_TO_REAR;wo2126565;;1;PE_NO_INFO;;
2025-10-25 03:25:55;2002626663;Good;0;0;36.0;0.0;0.7;install;-;-;REAR_TO_FRONT;wo2126565;;1;PE_NO_INFO;;
2025-10-25 03:25:10;2002626664;Good;0;0;37.0;0.0;0.7;install;-;-;FRONT_TO_REAR;wo2126565;;1;PE_NO_INFO;;
2025-10-25 03:24:29;2002626665;Good;0;0;34.2;0.0;0.6;install;-;-;REAR_TO_FRONT;wo2126565;;1;PE_NO_INFO;;
2025-10-25 03:19:35;E20251025T032007;Warn;0;3;287.4;0.0;0.8;install;-;-;FRONT_TO_REAR;wo2126565;;1;PE_NO_INFO;;
2025-10-25 03:18:34;2002626645;Good;0;0;29.6;0.0;24.9;install;-;-;REAR_TO_FRONT;wo2126565;;1;PE_NO_INFO;;
2025-10-25 03:17:49;2002626646;Warn;0;2;28.1;0.0;10.1;install;-;-;FRONT_TO_REAR;wo2126565;;1;PE_NO_INFO;;
2025-10-25 03:16:38;E20251025T031706;Good;0;0;64.3;0.0;0.8;install;-;-;REAR_TO_FRONT;wo2126565;;1;PE_NO_INFO;;
2025-10-25 03:15:47;2002626648;Good;0;0;36.9;0.0;7.7;install;-;-;FRONT_TO_REAR;wo2126565;;1;PE_NO_INFO;;
2025-10-25 03:13:56;2002626649;Good;0;0;34.2;0.0;69.8;install;-;-;REAR_TO_FRONT;wo2126565;;1;PE_NO_INFO;;
2025-10-25 03:12:59;2002626650;Good;0;0;32.4;0.0;18.0;install;-;-;FRONT_TO_REAR;wo2126565;;1;PE_NO_INFO;;
2025-10-25 03:11:59;2002626651;Good;0;0;35.2;0.0;18.4;install;-;-;REAR_TO_FRONT;wo2126565;;1;PE_NO_INFO;;
2025-10-25 03:06:16;2002626652;Warn;0;1;29.8;0.0;306.2;install;-;-;FRONT_TO_REAR;wo2126565;;1;PE_NO_INFO;;
2025-10-25 03:04:56;2002626653;Good;0;0;31.5;0.0;41.5;install;-;-;REAR_TO_FRONT;wo2126565;;1;PE_NO_INFO;;
2025-10-25 03:04:11;2002626654;Good;0;0;35.0;0.0;3.5;install;-;-;FRONT_TO_REAR;wo2126565;;1;PE_NO_INFO;;
2025-10-25 03:03:32;2002626627;Warn;0;8;31.5;0.0;0.6;install;-;-;REAR_TO_FRONT;wo2126565;;1;PE_NO_INFO;;
2025-10-25 03:01:22;2002626628;NoGood;1;23;31.5;91.6;0.8;install;Pass;install;FRONT_TO_REAR;wo2126565;;1;PE_NO_INFO;;
2025-10-25 03:00:25;2002626629;Good;0;0;31.5;0.0;19.6;install;-;-;REAR_TO_FRONT;wo2126565;;1;PE_NO_INFO;;
2025-10-25 02:59:26;2002626630;Good;0;0;32.3;0.0;19.7;install;-;-;FRONT_TO_REAR;wo2126565;;1;PE_NO_INFO;;
2025-10-25 02:58:26;2002626631;Good;0;0;28.0;0.0;24.8;install;-;-;REAR_TO_FRONT;wo2126565;;1;PE_NO_INFO;;
2025-10-25 02:57:28;2002626632;Warn;0;7;36.0;0.0;15.1;install;-;-;FRONT_TO_REAR;wo2126565;;1;PE_NO_INFO;;
2025-10-25 02:56:31;2002626633;Good;0;0;29.7;0.0;20.6;install;-;-;REAR_TO_FRONT;wo2126565;;1;PE_NO_INFO;;
2025-10-25 02:55:34;2002626634;Good;0;0;36.8;0.0;13.7;install;-;-;FRONT_TO_REAR;wo2126565;;1;PE_NO_INFO;;
2025-10-25 02:54:37;2002626635;Good;0;0;33.2;0.0;17.2;install;-;-;REAR_TO_FRONT;wo2126565;;1;PE_NO_INFO;;
2025-10-25 02:53:40;2002626636;Warn;0;2;34.1;0.0;16.3;install;-;-;FRONT_TO_REAR;wo2126565;;1;PE_NO_INFO;;
2025-10-25 02:52:41;2002626637;Good;0;0;35.1;0.0;16.9;install;-;-;REAR_TO_FRONT;wo2126565;;1;PE_NO_INFO;;
2025-10-25 02:49:59;2002626638;Good;0;0;32.4;0.0;122.6;install;-;-;FRONT_TO_REAR;wo2126565;;1;PE_NO_INFO;;
2025-10-25 02:48:59;2002626639;Warn;0;5;35.1;0.0;17.9;install;-;-;REAR_TO_FRONT;wo2126565;;1;PE_NO_INFO;;
2025-10-25 02:48:00;2002626640;Good;0;0;36.1;0.0;16.5;install;-;-;FRONT_TO_REAR;wo2126565;;1;PE_NO_INFO;;
2025-10-25 02:46:12;2002626641;Warn;0;4;28.9;0.0;72.3;install;-;-;REAR_TO_FRONT;wo2126565;;1;PE_NO_INFO;;
2025-10-25 02:44:42;E20251025T024512;Warn;0;8;70.2;0.0;13.9;install;-;-;FRONT_TO_REAR;wo2126565;;1;PE_NO_INFO;;
2025-10-25 02:42:46;2002626643;Warn;0;11;31.6;0.0;77.8;install;-;-;REAR_TO_FRONT;wo2126565;;1;PE_NO_INFO;;
2025-10-25 02:40:52;2002626644;Good;0;0;36.0;0.0;71.1;install;-;-;FRONT_TO_REAR;wo2126565;;1;PE_NO_INFO;;
2025-10-25 02:39:54;2002626626;Good;0;0;35.2;0.0;17.0;install;-;-;REAR_TO_FRONT;wo2126565;;1;PE_NO_INFO;;
2025-10-25 02:38:28;2002626618;Warn;0;14;34.2;0.0;44.4;install;-;-;FRONT_TO_REAR;wo2126565;;1;PE_NO_INFO;;
2025-10-25 02:37:33;2002626619;Warn;0;8;29.7;0.0;19.0;install;-;-;REAR_TO_FRONT;wo2126565;;1;PE_NO_INFO;;
2025-10-25 02:36:54;2002626620;Warn;0;16;31.5;0.0;0.6;install;-;-;FRONT_TO_REAR;wo2126565;;1;PE_NO_INFO;;
2025-10-25 02:32:37;2002626621;Good;0;0;31.5;0.0;218.3;install;-;-;REAR_TO_FRONT;wo2126565;;1;PE_NO_INFO;;
2025-10-25 02:31:41;2002626622;Warn;0;20;30.7;0.0;18.6;install;-;-;FRONT_TO_REAR;wo2126565;;1;PE_NO_INFO;;
2025-10-25 02:31:00;2002626623;Good;0;0;34.1;0.0;0.7;install;-;-;REAR_TO_FRONT;wo2126565;;1;PE_NO_INFO;;
2025-10-25 02:30:18;2002626624;Good;0;0;34.1;0.0;0.8;install;-;-;FRONT_TO_REAR;wo2126565;;1;PE_NO_INFO;;
2025-10-25 02:29:35;2002626625;Good;0;0;35.2;0.0;0.6;install;-;-;REAR_TO_FRONT;wo2126565;;1;PE_NO_INFO;;
2025-10-25 02:26:45;2002626939;Good;0;0;29.7;0.0;133.7;install;-;-;FRONT_TO_REAR;wo2126565;;1;PE_NO_INFO;;
2025-10-25 02:24:48;2002626940;Good;0;0;31.6;0.0;79.1;install;-;-;REAR_TO_FRONT;wo2126565;;1;PE_NO_INFO;;
2025-10-25 02:23:48;2002626941;Good;0;0;28.9;0.0;23.5;install;-;-;FRONT_TO_REAR;wo2126565;;1;PE_NO_INFO;;
2025-10-25 02:22:51;2002626942;Warn;0;1;35.0;0.0;15.4;install;-;-;REAR_TO_FRONT;wo2126565;;1;PE_NO_INFO;;
2025-10-25 02:21:39;2002626943;Warn;0;12;35.8;0.0;29.8;install;-;-;FRONT_TO_REAR;wo2126565;;1;PE_NO_INFO;;
2025-10-25 02:20:40;2002626944;Good;0;0;34.1;0.0;18.2;install;-;-;REAR_TO_FRONT;wo2126565;;1;PE_NO_INFO;;
2025-10-25 02:19:40;2002626945;Warn;0;1;28.8;0.0;23.4;install;-;-;FRONT_TO_REAR;wo2126565;;1;PE_NO_INFO;;
2025-10-25 02:18:43;2002626946;Warn;0;5;35.1;0.0;15.6;install;-;-;REAR_TO_FRONT;wo2126565;;1;PE_NO_INFO;;
2025-10-25 02:17:46;2002626947;Warn;0;3;29.7;0.0;21.0;install;-;-;FRONT_TO_REAR;wo2126565;;1;PE_NO_INFO;;
2025-10-25 02:16:49;2002626948;Warn;0;3;30.6;0.0;19.6;install;-;-;REAR_TO_FRONT;wo2126565;;1;PE_NO_INFO;;
2025-10-25 02:15:50;2002626949;Good;0;0;28.9;0.0;22.6;install;-;-;FRONT_TO_REAR;wo2126565;;1;PE_NO_INFO;;
2025-10-25 02:14:52;2002626950;Good;0;0;28.0;0.0;23.6;install;-;-;REAR_TO_FRONT;wo2126565;;1;PE_NO_INFO;;
2025-10-25 02:13:55;2002626951;Good;0;0;29.8;0.0;20.5;install;-;-;FRONT_TO_REAR;wo2126565;;1;PE_NO_INFO;;
2025-10-25 02:11:35;2002626952;Warn;0;1;32.3;0.0;100.3;install;-;-;REAR_TO_FRONT;wo2126565;;1;PE_NO_INFO;;
2025-10-25 02:09:43;2002626953;Good;0;0;30.8;0.0;74.6;install;-;-;FRONT_TO_REAR;wo2126565;;1;PE_NO_INFO;;
2025-10-25 02:08:42;2002626954;Good;0;0;28.1;0.0;27.0;install;-;-;REAR_TO_FRONT;wo2126565;;1;PE_NO_INFO;;
2025-10-25 02:07:39;2002626955;Good;0;0;29.7;0.0;25.9;install;-;-;FRONT_TO_REAR;wo2126565;;1;PE_NO_INFO;;
2025-10-25 02:06:37;2002626956;Warn;0;5;28.0;0.0;27.8;install;-;-;REAR_TO_FRONT;wo2126565;;1;PE_NO_INFO;;
2025-10-25 02:05:21;2002626957;Warn;0;10;29.7;0.0;39.4;install;-;-;FRONT_TO_REAR;wo2126565;;1;PE_NO_INFO;;
2025-10-25 02:04:18;2002626958;Warn;0;2;36.1;0.0;19.7;install;-;-;REAR_TO_FRONT;wo2126565;;1;PE_NO_INFO;;
2025-10-25 02:03:16;2002626959;Good;0;0;33.3;0.0;22.4;install;-;-;FRONT_TO_REAR;wo2126565;;1;PE_NO_INFO;;
2025-10-25 02:01:31;2002626960;Good;0;0;35.9;0.0;61.6;install;-;-;REAR_TO_FRONT;wo2126565;;1;PE_NO_INFO;;
2025-10-25 01:59:14;2002626961;Warn;0;2;28.0;0.0;102.5;install;-;-;FRONT_TO_REAR;wo2126565;;1;PE_NO_INFO;;
2025-10-25 01:58:00;E20251025T015837;Good;0;0;52.5;0.0;15.7;install;-;-;REAR_TO_FRONT;wo2126565;;1;PE_NO_INFO;;
2025-10-25 01:56:47;2002626963;Good;0;0;37.0;0.0;29.1;install;-;-;FRONT_TO_REAR;wo2126565;;1;PE_NO_INFO;;
2025-10-25 01:55:33;2002626964;Warn;0;2;36.0;0.0;31.9;install;-;-;REAR_TO_FRONT;wo2126565;;1;PE_NO_INFO;;
2025-10-25 01:54:18;2002626965;Warn;0;25;30.6;0.0;37.1;install;-;-;FRONT_TO_REAR;wo2126565;;1;PE_NO_INFO;;
2025-10-25 01:53:04;2002626966;Good;0;0;28.9;0.0;38.8;install;-;-;REAR_TO_FRONT;wo2126565;;1;PE_NO_INFO;;
2025-10-25 01:51:47;2002626967;Good;0;0;32.5;0.0;37.8;install;-;-;FRONT_TO_REAR;wo2126565;;1;PE_NO_INFO;;
2025-10-25 01:50:32;2002626968;Good;0;0;34.2;0.0;33.8;install;-;-;REAR_TO_FRONT;wo2126565;;1;PE_NO_INFO;;
2025-10-25 01:49:17;2002626843;Good;0;0;35.2;0.0;32.9;install;-;-;FRONT_TO_REAR;wo2126565;;1;PE_NO_INFO;;
2025-10-25 01:48:01;2002626844;Good;0;0;29.9;0.0;39.8;install;-;-;REAR_TO_FRONT;wo2126565;;1;PE_NO_INFO;;
2025-10-25 01:46:47;2002626845;Warn;0;4;34.2;0.0;32.8;install;-;-;FRONT_TO_REAR;wo2126565;;1;PE_NO_INFO;;
2025-10-25 01:45:31;2002626846;Good;0;0;35.0;0.0;33.8;install;-;-;REAR_TO_FRONT;wo2126565;;1;PE_NO_INFO;;
2025-10-25 01:44:16;2002626847;Good;0;0;28.8;0.0;39.7;install;-;-;FRONT_TO_REAR;wo2126565;;1;PE_NO_INFO;;
2025-10-25 01:43:02;2002626848;Good;0;0;31.5;0.0;36.1;install;-;-;REAR_TO_FRONT;wo2126565;;1;PE_NO_INFO;;
2025-10-25 01:41:46;2002626824;Warn;0;20;31.5;0.0;37.2;install;-;-;FRONT_TO_REAR;wo2126565;;1;PE_NO_INFO;;
2025-10-25 01:40:07;2002626825;Warn;0;1;32.4;0.0;59.7;install;-;-;REAR_TO_FRONT;wo2126565;;1;PE_NO_INFO;;
2025-10-25 01:39:14;2002626826;Good;0;0;32.4;0.0;14.6;install;-;-;FRONT_TO_REAR;wo2126565;;1;PE_NO_INFO;;
2025-10-25 01:37:23;2002626827;Good;0;0;29.7;0.0;73.7;install;-;-;REAR_TO_FRONT;wo2126565;;1;PE_NO_INFO;;
2025-10-25 01:36:08;2002626828;Good;0;0;31.6;0.0;37.0;install;-;-;FRONT_TO_REAR;wo2126565;;1;PE_NO_INFO;;
2025-10-25 01:34:53;2002626829;Good;0;0;31.5;0.0;36.5;install;-;-;REAR_TO_FRONT;wo2126565;;1;PE_NO_INFO;;
2025-10-25 01:33:38;2002626830;Good;0;0;37.1;0.0;31.5;install;-;-;FRONT_TO_REAR;wo2126565;;1;PE_NO_INFO;;
2025-10-25 01:32:23;2002626831;Warn;0;3;35.9;0.0;32.5;install;-;-;REAR_TO_FRONT;wo2126565;;1;PE_NO_INFO;;
2025-10-25 01:31:19;2002626832;Warn;0;28;32.3;0.0;24.5;install;-;-;FRONT_TO_REAR;wo2126565;;1;PE_NO_INFO;;
2025-10-25 01:30:44;2002626833;Warn;0;3;28.0;0.0;0.7;install;-;-;REAR_TO_FRONT;wo2126565;;1;PE_NO_INFO;;
2025-10-25 01:30:05;2002626834;Warn;0;31;31.5;0.0;0.6;install;-;-;FRONT_TO_REAR;wo2126565;;1;PE_NO_INFO;;
2025-10-25 01:29:11;2002626835;NoGood;1;25;35.1;12.2;1.0;install;Pass;install;REAR_TO_FRONT;wo2126565;;1;PE_NO_INFO;;
2025-10-25 01:28:27;2002626836;Warn;0;30;36.9;0.0;0.6;install;-;-;FRONT_TO_REAR;wo2126565;;1;PE_NO_INFO;;
2025-10-25 01:18:33;2002626837;Good;0;0;36.9;0.0;549.5;install;-;-;REAR_TO_FRONT;wo2126565;;1;PE_NO_INFO;;
2025-10-25 01:17:29;2002626838;Warn;0;9;37.0;0.0;20.1;install;-;-;FRONT_TO_REAR;wo2126565;;1;PE_NO_INFO;;
2025-10-25 01:16:32;2002626839;Good;0;0;33.2;0.0;17.1;install;-;-;REAR_TO_FRONT;wo2126565;;1;PE_NO_INFO;;
2025-10-25 01:15:04;2002626840;Good;0;0;35.1;0.0;46.9;install;-;-;FRONT_TO_REAR;wo2126565;;1;PE_NO_INFO;;
2025-10-25 01:14:01;2002626841;Good;0;0;34.1;0.0;21.7;install;-;-;REAR_TO_FRONT;wo2126565;;1;PE_NO_INFO;;
2025-10-25 01:12:59;2002626842;Good;0;0;34.1;0.0;21.5;install;-;-;FRONT_TO_REAR;wo2126565;;1;PE_NO_INFO;;
2025-10-25 01:11:56;2002626864;Good;0;0;30.7;0.0;25.0;install;-;-;REAR_TO_FRONT;wo2126565;;1;PE_NO_INFO;;
2025-10-25 01:10:53;2002626865;Good;0;0;30.6;0.0;25.6;install;-;-;FRONT_TO_REAR;wo2126565;;1;PE_NO_INFO;;
2025-10-25 01:09:51;2002626866;Good;0;0;36.8;0.0;19.1;install;-;-;REAR_TO_FRONT;wo2126565;;1;PE_NO_INFO;;
2025-10-25 01:08:54;2002626867;Good;0;0;34.1;0.0;15.7;install;-;-;FRONT_TO_REAR;wo2126565;;1;PE_NO_INFO;;
2025-10-25 01:08:10;2002626868;Warn;0;2;37.0;0.0;19.6;install;-;-;REAR_TO_FRONT;wo2126565;;1;PE_NO_INFO;;
2025-10-25 01:07:13;2002626869;Warn;0;1;30.5;0.0;0.8;install;-;-;FRONT_TO_REAR;wo2126565;;1;PE_NO_INFO;;
2025-10-25 01:06:36;2002626870;Good;0;0;28.8;0.0;16.8;install;-;-;REAR_TO_FRONT;wo2126565;;1;PE_NO_INFO;;
2025-10-25 01:05:40;2002626871;Good;0;0;32.4;0.0;0.7;install;-;-;FRONT_TO_REAR;wo2126565;;1;PE_NO_INFO;;
2025-10-25 01:05:03;2002626872;Good;0;0;29.7;0.0;17.8;install;-;-;REAR_TO_FRONT;wo2126565;;1;PE_NO_INFO;;
2025-10-25 01:04:05;2002626873;Good;0;0;33.2;0.0;0.8;install;-;-;FRONT_TO_REAR;wo2126565;;1;PE_NO_INFO;;
2025-10-25 01:03:30;2002626874;Good;0;0;27.9;0.0;26.2;install;-;-;REAR_TO_FRONT;wo2126565;;1;PE_NO_INFO;;
2025-10-25 01:02:29;2002626875;Warn;0;8;28.0;0.0;0.8;install;-;-;FRONT_TO_REAR;wo2126565;;1;PE_NO_INFO;;
2025-10-25 01:01:53;2002626876;Good;0;0;28.0;0.0;319.4;install;-;-;REAR_TO_FRONT;wo2126565;;1;PE_NO_INFO;;
2025-10-25 00:55:50;2002626877;Warn;0;17;36.9;0.0;0.8;install;-;-;FRONT_TO_REAR;wo2126565;;1;PE_NO_INFO;;
2025-10-25 00:55:12;2002626855;Good;0;0;30.6;0.0;1.6;install;-;-;REAR_TO_FRONT;wo2126565;;2;PE_NO_INFO;;
2025-10-25 00:54:36;2002626878;Good;0;0;27.9;0.0;0.7;install;-;-;FRONT_TO_REAR;wo2126565;;1;PE_NO_INFO;;
2025-10-25 00:53:58;2002626853;Warn;0;1;30.4;0.0;0.7;install;-;-;REAR_TO_FRONT;wo2126565;;1;PE_NO_INFO;;
2025-10-25 00:53:22;2002626854;Good;0;0;28.9;0.0;0.6;install;-;-;FRONT_TO_REAR;wo2126565;;1;PE_NO_INFO;;
2025-10-25 00:52:05;2002626855;NoGood;1;0;33.3;36.5;677.3;install;NoGood operator;install;REAR_TO_FRONT;wo2126565;;1;PE_NO_INFO;;
2025-10-25 00:39:27;2002626856;Good;0;0;32.3;0.0;43.2;install;-;-;FRONT_TO_REAR;wo2126565;;1;PE_NO_INFO;;
2025-10-25 00:37:25;2002626857;Good;0;0;32.4;0.0;82.5;install;-;-;REAR_TO_FRONT;wo2126565;;1;PE_NO_INFO;;
2025-10-25 00:36:20;2002626858;Warn;0;15;28.8;0.0;29.6;install;-;-;FRONT_TO_REAR;wo2126565;;1;PE_NO_INFO;;
2025-10-25 00:35:16;2002626849;Good;0;0;31.5;0.0;25.1;install;-;-;REAR_TO_FRONT;wo2126565;;1;PE_NO_INFO;;
2025-10-25 00:34:13;2002626850;Good;0;0;31.4;0.0;25.2;install;-;-;FRONT_TO_REAR;wo2126565;;1;PE_NO_INFO;;
2025-10-25 00:30:45;2002626851;Good;0;0;28.0;0.0;172.8;install;-;-;REAR_TO_FRONT;wo2126565;;1;PE_NO_INFO;;
2025-10-25 00:29:17;2002626852;Warn;0;1;29.8;0.0;51.9;install;-;-;FRONT_TO_REAR;wo2126565;;1;PE_NO_INFO;;
2025-10-25 00:28:13;2002626859;Good;0;0;28.0;0.0;29.2;install;-;-;REAR_TO_FRONT;wo2126565;;1;PE_NO_INFO;;
2025-10-25 00:27:12;2002626860;Good;0;0;31.5;0.0;23.1;install;-;-;FRONT_TO_REAR;wo2126565;;1;PE_NO_INFO;;
2025-10-25 00:26:05;2002626861;Good;0;0;30.8;0.0;28.6;install;-;-;REAR_TO_FRONT;wo2126565;;1;PE_NO_INFO;;
2025-10-25 00:25:02;2002626862;Warn;0;18;28.8;0.0;28.0;install;-;-;FRONT_TO_REAR;wo2126565;;1;PE_NO_INFO;;
2025-10-25 00:23:59;2002626863;Warn;0;1;31.4;0.0;24.5;install;-;-;REAR_TO_FRONT;wo2126565;;1;PE_NO_INFO;;
2025-10-25 00:22:08;2002626903;Warn;0;3;28.9;0.0;75.9;install;-;-;FRONT_TO_REAR;wo2126565;;1;PE_NO_INFO;;
2025-10-25 00:21:05;2002626904;Warn;0;3;34.1;0.0;21.8;install;-;-;REAR_TO_FRONT;wo2126565;;1;PE_NO_INFO;;
2025-10-25 00:20:06;2002626905;Good;0;0;31.5;0.0;20.6;install;-;-;FRONT_TO_REAR;wo2126565;;1;PE_NO_INFO;;
2025-10-25 00:19:24;2002626906;Warn;0;5;35.1;0.0;0.8;install;-;-;REAR_TO_FRONT;wo2126565;;1;PE_NO_INFO;;
2025-10-25 00:18:48;2002626907;Good;0;0;28.0;0.0;0.7;install;-;-;FRONT_TO_REAR;wo2126565;;1;PE_NO_INFO;;
2025-10-25 00:18:09;2002626908;Good;0;0;31.5;0.0;0.7;install;-;-;REAR_TO_FRONT;wo2126565;;1;PE_NO_INFO;;
2025-10-25 00:17:34;2002626898;Warn;0;1;27.9;0.0;0.6;install;-;-;FRONT_TO_REAR;wo2126565;;1;PE_NO_INFO;;
2025-10-25 00:13:19;2002626899;Good;0;0;28.0;0.0;219.7;install;-;-;REAR_TO_FRONT;wo2126565;;1;PE_NO_INFO;;
2025-10-25 00:12:17;E20251025T001251;Good;0;0;52.5;0.0;4.5;install;-;-;FRONT_TO_REAR;wo2126565;;1;PE_NO_INFO;;
2025-10-25 00:11:14;2002626901;Good;0;0;37.1;0.0;18.8;install;-;-;REAR_TO_FRONT;wo2126565;;1;PE_NO_INFO;;
2025-10-25 00:10:11;2002626902;Good;0;0;37.0;0.0;19.0;install;-;-;FRONT_TO_REAR;wo2126565;;1;PE_NO_INFO;;
2025-10-25 00:08:53;2002626880;Warn;0;24;34.2;0.0;37.5;install;-;-;REAR_TO_FRONT;wo2126565;;1;PE_NO_INFO;;
2025-10-25 00:07:32;2002626881;Good;0;0;33.2;0.0;41.2;install;-;-;FRONT_TO_REAR;wo2126565;;1;PE_NO_INFO;;
2025-10-25 00:06:31;2002626882;Warn;0;3;36.9;0.0;17.5;install;-;-;REAR_TO_FRONT;wo2126565;;1;PE_NO_INFO;;
2025-10-25 00:05:25;2002626883;Good;0;0;36.9;0.0;21.8;install;-;-;FRONT_TO_REAR;wo2126565;;1;PE_NO_INFO;;
2025-10-25 00:04:06;2002626884;Warn;0;6;32.3;0.0;39.5;install;-;-;REAR_TO_FRONT;wo2126565;;1;PE_NO_INFO;;
2025-10-25 00:03:05;2002626885;Good;0;0;33.3;0.0;21.8;install;-;-;FRONT_TO_REAR;wo2126565;;1;PE_NO_INFO;;
2025-10-25 00:01:23;2002626886;Warn;0;3;33.6;0.0;61.3;install;-;-;REAR_TO_FRONT;wo2126565;;1;PE_NO_INFO;;
2025-10-25 00:00:20;2002626887;Warn;0;26;31.5;0.0;25.4;install;-;-;FRONT_TO_REAR;wo2126565;;1;PE_NO_INFO;;
2025-10-24 23:59:14;2002626888;Good;0;0;30.6;0.0;28.0;install;-;-;REAR_TO_FRONT;wo2126565;;1;PE_NO_INFO;;
2025-10-24 23:57:50;2002626889;Good;0;0;33.4;0.0;44.0;install;-;-;FRONT_TO_REAR;wo2126565;;1;PE_NO_INFO;;
2025-10-24 23:56:48;2002626890;Good;0;0;36.0;0.0;19.2;install;-;-;REAR_TO_FRONT;wo2126565;;1;PE_NO_INFO;;
2025-10-24 23:55:47;2002626891;Warn;0;23;33.3;0.0;21.0;install;-;-;FRONT_TO_REAR;wo2126565;;1;PE_NO_INFO;;
2025-10-24 23:53:56;2002626892;NoGood;1;25;29.8;53.8;21.6;install;Pass;install;REAR_TO_FRONT;wo2126565;;1;PE_NO_INFO;;
2025-10-24 23:51:12;2002626893;Warn;0;9;36.0;0.0;120.6;install;-;-;FRONT_TO_REAR;wo2126565;;1;PE_NO_INFO;;
2025-10-24 23:50:06;2002626894;Warn;0;20;32.4;0.0;27.2;install;-;-;REAR_TO_FRONT;wo2126565;;1;PE_NO_INFO;;
2025-10-24 23:46:41;2002626895;NoGood;7;21;30.6;24.3;144.5;install;Pass;install;FRONT_TO_REAR;wo2126565;;1;PE_NO_INFO;;
2025-10-24 23:45:26;2002626896;Good;0;0;34.0;0.0;34.3;install;-;-;REAR_TO_FRONT;wo2126565;;1;PE_NO_INFO;;
2025-10-24 23:44:09;2002626897;Good;0;0;32.5;0.0;38.0;install;-;-;FRONT_TO_REAR;wo2126565;;1;PE_NO_INFO;;
2025-10-24 23:42:52;2002626879;Warn;0;3;34.2;0.0;35.8;install;-;-;REAR_TO_FRONT;wo2126565;;1;PE_NO_INFO;;
2025-10-24 23:41:37;E20251024T234205;Good;0;0;45.9;0.0;24.0;install;-;-;FRONT_TO_REAR;wo2126565;;1;PE_NO_INFO;;
2025-10-24 23:40:21;2002626777;Good;0;0;28.9;0.0;39.5;install;-;-;REAR_TO_FRONT;wo2126565;;1;PE_NO_INFO;;
2025-10-24 23:39:06;2002626778;Good;0;0;30.6;0.0;38.1;install;-;-;FRONT_TO_REAR;wo2126565;;1;PE_NO_INFO;;
2025-10-24 23:37:50;2002626779;Good;0;0;29.8;0.0;39.6;install;-;-;REAR_TO_FRONT;wo2126565;;1;PE_NO_INFO;;
2025-10-24 23:36:35;2002626780;Warn;0;1;36.7;0.0;31.5;install;-;-;FRONT_TO_REAR;wo2126565;;1;PE_NO_INFO;;
2025-10-24 23:35:21;2002626781;Good;0;0;30.6;0.0;36.6;install;-;-;REAR_TO_FRONT;wo2126565;;1;PE_NO_INFO;;
2025-10-24 23:34:03;2002626782;Warn;0;1;30.6;0.0;39.9;install;-;-;FRONT_TO_REAR;wo2126565;;1;PE_NO_INFO;;
2025-10-24 23:32:53;2002626783;Good;0;0;32.5;0.0;30.7;install;-;-;REAR_TO_FRONT;wo2126565;;1;PE_NO_INFO;;
2025-10-24 23:31:17;2002626784;NoGood;1;1;31.6;5.8;53.5;install;Pass;install;FRONT_TO_REAR;wo2126565;;1;PE_NO_INFO;;
2025-10-24 23:29:26;2002626785;Good;0;0;35.2;0.0;69.5;install;-;-;REAR_TO_FRONT;wo2126565;;1;PE_NO_INFO;;
2025-10-24 23:28:09;2002626786;Good;0;0;34.1;0.0;36.1;install;-;-;FRONT_TO_REAR;wo2126565;;1;PE_NO_INFO;;
2025-10-24 23:26:53;2002626787;Good;0;0;36.2;0.0;32.8;install;-;-;REAR_TO_FRONT;wo2126565;;1;PE_NO_INFO;;
2025-10-24 23:25:37;2002626788;Good;0;0;29.7;0.0;39.1;install;-;-;FRONT_TO_REAR;wo2126565;;1;PE_NO_INFO;;
2025-10-24 23:24:24;2002626789;Warn;0;1;30.6;0.0;35.9;install;-;-;REAR_TO_FRONT;wo2126565;;1;PE_NO_INFO;;
2025-10-24 23:23:07;2002626790;Good;0;0;29.7;0.0;40.3;install;-;-;FRONT_TO_REAR;wo2126565;;1;PE_NO_INFO;;
2025-10-24 23:21:14;2002626791;Good;0;0;29.7;0.0;77.0;install;-;-;REAR_TO_FRONT;wo2126565;;1;PE_NO_INFO;;
2025-10-24 23:20:00;2002626792;Good;0;0;29.7;0.0;37.0;install;-;-;FRONT_TO_REAR;wo2126565;;1;PE_NO_INFO;;
2025-10-24 23:19:12;2002626793;Good;0;0;31.5;0.0;9.6;install;-;-;REAR_TO_FRONT;wo2126565;;1;PE_NO_INFO;;
2025-10-24 23:17:34;E20251024T231806;Warn;0;1;91.7;0.0;0.8;install;-;-;FRONT_TO_REAR;wo2126565;;1;PE_NO_INFO;;
2025-10-24 23:16:23;2002626765;Good;0;0;33.2;0.0;31.5;install;-;-;REAR_TO_FRONT;wo2126565;;1;PE_NO_INFO;;
2025-10-24 23:15:11;2002626766;Good;0;0;27.9;0.0;37.4;install;-;-;FRONT_TO_REAR;wo2126565;;1;PE_NO_INFO;;
2025-10-24 23:13:59;2002626767;Good;0;0;31.5;0.0;33.3;install;-;-;REAR_TO_FRONT;wo2126565;;1;PE_NO_INFO;;
2025-10-24 23:12:47;2002626768;Good;0;0;29.7;0.0;35.6;install;-;-;FRONT_TO_REAR;wo2126565;;1;PE_NO_INFO;;
2025-10-24 23:11:36;E20251024T231209;Good;0;0;40.4;0.0;24.5;install;-;-;REAR_TO_FRONT;wo2126565;;1;PE_NO_INFO;;
2025-10-24 23:10:27;2002626770;Warn;0;2;31.6;0.0;31.2;install;-;-;FRONT_TO_REAR;wo2126565;;1;PE_NO_INFO;;
2025-10-24 23:08:22;2002626771;Good;0;0;36.1;0.0;82.4;install;-;-;REAR_TO_FRONT;wo2126565;;1;PE_NO_INFO;;
2025-10-24 23:07:23;2002626772;Warn;0;1;36.9;0.0;14.4;install;-;-;FRONT_TO_REAR;wo2126565;;1;PE_NO_INFO;;
2025-10-24 23:05:47;2002626773;Good;0;0;34.1;0.0;56.1;install;-;-;REAR_TO_FRONT;wo2126565;;1;PE_NO_INFO;;
2025-10-24 23:04:45;2002626774;Warn;0;2;33.3;0.0;22.1;install;-;-;FRONT_TO_REAR;wo2126565;;1;PE_NO_INFO;;
2025-10-24 23:03:46;2002626775;Good;0;0;28.8;0.0;23.0;install;-;-;REAR_TO_FRONT;wo2126565;;1;PE_NO_INFO;;
2025-10-24 23:02:59;2002626753;Good;0;0;31.5;0.0;8.4;install;-;-;FRONT_TO_REAR;wo2126565;;1;PE_NO_INFO;;
2025-10-24 23:02:22;2002626754;Good;0;0;29.6;0.0;0.7;install;-;-;REAR_TO_FRONT;wo2126565;;1;PE_NO_INFO;;
2025-10-24 23:01:42;2002626755;Warn;0;1;33.1;0.0;0.7;install;-;-;FRONT_TO_REAR;wo2126565;;1;PE_NO_INFO;;
2025-10-24 23:01:06;2002626756;Good;0;0;28.0;0.0;0.7;install;-;-;REAR_TO_FRONT;wo2126565;;1;PE_NO_INFO;;
2025-10-24 23:00:24;2002626757;Warn;0;1;35.1;0.0;0.7;install;-;-;FRONT_TO_REAR;wo2126565;;1;PE_NO_INFO;;
2025-10-24 22:59:48;2002626758;Good;0;0;28.0;0.0;0.6;install;-;-;REAR_TO_FRONT;wo2126565;;1;PE_NO_INFO;;
2025-10-24 22:58:42;E20251024T225912;NoGood;1;1;48.5;11.4;0.8;install;Pass;install;FRONT_TO_REAR;wo2126565;;1;PE_NO_INFO;;
2025-10-24 22:57:57;E20251024T225829;Good;0;0;38.2;0.0;1.0;install;-;-;REAR_TO_FRONT;wo2126565;;1;PE_NO_INFO;;
2025-10-24 22:57:20;2002626759;Good;0;0;29.5;0.0;0.6;install;-;-;FRONT_TO_REAR;wo2126565;;1;PE_NO_INFO;;
2025-10-24 22:56:41;E20251024T225712;Good;0;0;32.9;0.0;0.8;install;-;-;REAR_TO_FRONT;wo2126565;;1;PE_NO_INFO;;
2025-10-24 22:54:50;2002626761;NoGood;1;0;32.3;72.4;0.8;install;NoGood operator;install;FRONT_TO_REAR;wo2126565;;1;PE_NO_INFO;;
2025-10-24 22:52:15;2002626762;NoGood;1;0;35.0;113.7;0.8;install;NoGood operator;install;REAR_TO_FRONT;wo2126565;;1;PE_NO_INFO;;
2025-10-24 22:50:10;E20251024T225043;Good;0;0;62.7;0.0;56.9;install;-;-;FRONT_TO_REAR;wo2126565;;1;PE_NO_INFO;;
2025-10-24 22:48:54;2002626751;Good;0;0;28.8;0.0;40.6;install;-;-;REAR_TO_FRONT;wo2126565;;1;PE_NO_INFO;;
2025-10-24 22:46:56;E20251024T224724;Warn;0;2;74.6;0.0;37.4;install;-;-;FRONT_TO_REAR;wo2126565;;1;PE_NO_INFO;;
2025-10-24 22:45:06;E20251024T224536;Good;0;0;45.7;0.0;58.8;install;-;-;REAR_TO_FRONT;wo2126565;;1;PE_NO_INFO;;
2025-10-24 22:42:21;2002626749;NoGood;1;0;29.9;8.9;120.8;install;Pass;install;FRONT_TO_REAR;wo2126565;;1;PE_NO_INFO;;
2025-10-24 22:41:21;E20251024T224149;Good;0;0;44.6;0.0;9.5;install;-;-;REAR_TO_FRONT;wo2126565;;1;PE_NO_INFO;;
2025-10-24 22:40:07;2002626807;NoGood;1;30;31.5;36.6;0.8;install;Pass;install;FRONT_TO_REAR;wo2126565;;1;PE_NO_INFO;;
2025-10-24 22:38:25;E20251024T223901;NoGood;27;15;50.1;7.1;39.2;install;Pass;install;REAR_TO_FRONT;wo2126565;;1;PE_NO_INFO;;
2025-10-24 22:37:26;2002626809;Good;0;0;28.8;0.0;23.5;install;-;-;FRONT_TO_REAR;wo2126565;;1;PE_NO_INFO;;
2025-10-24 22:36:02;E20251024T223632;Good;0;0;77.6;0.0;0.8;install;-;-;REAR_TO_FRONT;wo2126565;;1;PE_NO_INFO;;
2025-10-24 22:34:52;2002626811;Good;0;0;36.0;0.0;27.5;install;-;-;FRONT_TO_REAR;wo2126565;;1;PE_NO_INFO;;
2025-10-24 22:33:41;E20251024T223410;Good;0;0;59.2;0.0;5.8;install;-;-;REAR_TO_FRONT;wo2126565;;1;PE_NO_INFO;;
2025-10-24 22:32:38;E20251024T223314;Good;0;0;49.2;0.0;8.9;install;-;-;FRONT_TO_REAR;wo2126565;;1;PE_NO_INFO;;
2025-10-24 22:31:27;E20251024T223158;Good;0;0;64.4;0.0;0.8;install;-;-;REAR_TO_FRONT;wo2126565;;1;PE_NO_INFO;;
2025-10-24 22:30:16;E20251024T223046;Warn;0;8;45.1;0.0;20.3;install;-;-;FRONT_TO_REAR;wo2126565;;1;PE_NO_INFO;;
2025-10-24 22:29:05;2002626816;Good;0;0;28.0;0.0;35.6;install;-;-;REAR_TO_FRONT;wo2126565;;1;PE_NO_INFO;;
2025-10-24 22:27:54;E20251024T222826;Warn;0;11;45.7;0.0;20.7;install;-;-;FRONT_TO_REAR;wo2126565;;1;PE_NO_INFO;;
2025-10-24 22:26:43;2002626818;Warn;0;9;33.3;0.0;30.2;install;-;-;REAR_TO_FRONT;wo2126565;;1;PE_NO_INFO;;
2025-10-24 22:25:33;E20251024T222605;Warn;0;3;53.1;0.0;11.8;install;-;-;FRONT_TO_REAR;wo2126565;;1;PE_NO_INFO;;
2025-10-24 22:24:18;E20251024T222454;Warn;0;8;65.2;0.0;3.5;install;-;-;REAR_TO_FRONT;wo2126565;;1;PE_NO_INFO;;
2025-10-24 22:23:08;2002626821;Warn;0;4;32.4;0.0;31.0;install;-;-;FRONT_TO_REAR;wo2126565;;1;PE_NO_INFO;;
2025-10-24 22:20:37;2002626822;Warn;0;16;31.5;0.0;112.8;install;-;-;REAR_TO_FRONT;wo2126565;;1;PE_NO_INFO;;
2025-10-24 22:19:35;E20251024T222008;Good;0;0;56.3;0.0;0.9;install;-;-;FRONT_TO_REAR;wo2126565;;1;PE_NO_INFO;;
2025-10-24 22:18:56;2002626743;Good;0;0;30.5;0.0;0.6;install;-;-;REAR_TO_FRONT;wo2126565;;1;PE_NO_INFO;;
2025-10-24 22:17:49;E20251024T221819;Good;0;0;60.8;0.0;0.8;install;-;-;FRONT_TO_REAR;wo2126565;;1;PE_NO_INFO;;
2025-10-24 22:16:29;E20251024T221706;Good;0;0;73.9;0.0;0.8;install;-;-;REAR_TO_FRONT;wo2126565;;1;PE_NO_INFO;;
2025-10-24 22:14:48;E20251024T221524;Warn;0;1;89.9;0.0;5.5;install;-;-;FRONT_TO_REAR;wo2126565;;1;PE_NO_INFO;;
2025-10-24 22:14:09;2002626979;Good;0;0;28.9;0.0;3.2;install;-;-;REAR_TO_FRONT;wo2126565;;1;PE_NO_INFO;;
2025-10-24 22:12:57;E20251024T221325;Good;0;0;65.7;0.0;0.8;install;-;-;FRONT_TO_REAR;wo2126565;;1;PE_NO_INFO;;
2025-10-24 22:11:41;2002626981;Good;0;0;31.5;0.0;37.8;install;-;-;REAR_TO_FRONT;wo2126565;;1;PE_NO_INFO;;
2025-10-24 22:10:48;E20251024T221120;Good;0;0;46.9;0.0;1.0;install;-;-;FRONT_TO_REAR;wo2126565;;1;PE_NO_INFO;;
2025-10-24 22:10:11;2002626983;Warn;0;2;29.7;0.0;0.6;install;-;-;REAR_TO_FRONT;wo2126565;;1;PE_NO_INFO;;
2025-10-24 22:08:54;E20251024T220929;Warn;0;3;70.0;0.0;0.9;install;-;-;FRONT_TO_REAR;wo2126565;;1;PE_NO_INFO;;
2025-10-24 22:08:13;2002626735;Good;0;0;34.1;0.0;0.7;install;-;-;REAR_TO_FRONT;wo2126565;;1;PE_NO_INFO;;
2025-10-24 22:07:35;2002626736;Good;0;0;29.7;0.0;0.7;install;-;-;FRONT_TO_REAR;wo2126565;;1;PE_NO_INFO;;
2025-10-24 22:06:58;2002626737;Good;0;0;29.7;0.0;0.6;install;-;-;REAR_TO_FRONT;wo2126565;;1;PE_NO_INFO;;
2025-10-24 22:05:35;E20251024T220604;Good;0;0;76.3;0.0;0.8;install;-;-;FRONT_TO_REAR;wo2126565;;1;PE_NO_INFO;;
2025-10-24 22:04:35;E20251024T220506;Good;0;0;54.2;0.0;0.8;install;-;-;REAR_TO_FRONT;wo2126565;;1;PE_NO_INFO;;
2025-10-24 22:01:28;E20251024T220159;Warn;0;2;180.6;0.0;0.8;install;-;-;FRONT_TO_REAR;wo2126565;;1;PE_NO_INFO;;
2025-10-24 21:59:51;E20251024T220024;Good;0;0;90.7;0.0;0.8;install;-;-;REAR_TO_FRONT;wo2126565;;1;PE_NO_INFO;;
2025-10-24 21:58:18;E20251024T215849;Good;0;0;86.5;0.0;1.0;install;-;-;FRONT_TO_REAR;wo2126565;;1;PE_NO_INFO;;
2025-10-24 21:57:40;2002626999;Warn;0;1;30.6;0.0;0.6;install;-;-;REAR_TO_FRONT;wo2126565;;1;PE_NO_INFO;;
2025-10-24 21:56:21;E20251024T215656;Warn;0;8;72.7;0.0;0.9;install;-;-;FRONT_TO_REAR;wo2126565;;1;PE_NO_INFO;;
2025-10-24 21:55:45;2002627001;Good;0;0;27.9;0.0;0.8;install;-;-;REAR_TO_FRONT;wo2126565;;1;PE_NO_INFO;;
2025-10-24 21:55:08;2002627002;Warn;0;3;29.7;0.0;0.6;install;-;-;FRONT_TO_REAR;wo2126565;;1;PE_NO_INFO;;
2025-10-24 21:53:25;E20251024T215359;Warn;0;3;97.0;0.0;0.9;install;-;-;REAR_TO_FRONT;wo2126565;;1;PE_NO_INFO;;
2025-10-24 21:52:42;2002627004;Good;0;0;35.0;0.0;0.6;install;-;-;FRONT_TO_REAR;wo2126565;;1;PE_NO_INFO;;
2025-10-24 21:50:53;E20251024T215129;Warn;0;1;102.5;0.0;0.9;install;-;-;REAR_TO_FRONT;wo2126565;;1;PE_NO_INFO;;
2025-10-24 21:50:12;2002627006;Good;0;0;34.2;0.0;0.7;install;-;-;FRONT_TO_REAR;wo2126565;;1;PE_NO_INFO;;
2025-10-24 21:49:33;2002626969;Warn;0;2;30.5;0.0;0.7;install;-;-;REAR_TO_FRONT;wo2126565;;1;PE_NO_INFO;;
2025-10-24 21:48:54;2002626970;Warn;0;1;31.5;0.0;0.7;install;-;-;FRONT_TO_REAR;wo2126565;;1;PE_NO_INFO;;
2025-10-24 21:48:19;2002626971;Good;0;0;28.0;0.0;0.6;install;-;-;REAR_TO_FRONT;wo2126565;;1;PE_NO_INFO;;
2025-10-24 21:47:12;E20251024T214741;Good;0;0;60.8;0.0;0.8;install;-;-;FRONT_TO_REAR;wo2126565;;1;PE_NO_INFO;;
2025-10-24 21:45:13;E20251024T214545;Good;0;0;112.1;0.0;0.8;install;-;-;REAR_TO_FRONT;wo2126565;;1;PE_NO_INFO;;
2025-10-24 21:41:06;E20251024T214134;Warn;0;1;241.0;0.0;0.8;install;-;-;FRONT_TO_REAR;wo2126565;;1;PE_NO_INFO;;
2025-10-24 21:40:09;2002626975;Good;0;0;31.5;0.0;18.9;install;-;-;REAR_TO_FRONT;wo2126565;;1;PE_NO_INFO;;
2025-10-24 21:38:51;2002626976;Good;0;0;32.4;0.0;39.1;install;-;-;FRONT_TO_REAR;wo2126565;;1;PE_NO_INFO;;
2025-10-24 21:37:51;E20251024T213820;Good;0;0;34.7;0.0;19.4;install;-;-;REAR_TO_FRONT;wo2126565;;1;PE_NO_INFO;;
2025-10-24 21:36:47;2002626978;Good;0;0;35.0;0.0;22.0;install;-;-;FRONT_TO_REAR;wo2126565;;1;PE_NO_INFO;;
2025-10-24 21:35:49;E20251024T213620;Warn;0;3;51.5;0.0;1.0;install;-;-;REAR_TO_FRONT;wo2126565;;1;PE_NO_INFO;;
2025-10-24 21:35:14;2002626985;Warn;0;26;28.0;0.0;0.6;install;-;-;FRONT_TO_REAR;wo2126565;;1;PE_NO_INFO;;
2025-10-24 21:34:19;E20251024T213452;Warn;0;2;48.0;0.0;1.0;install;-;-;REAR_TO_FRONT;wo2126565;;1;PE_NO_INFO;;
2025-10-24 21:33:40;2002626987;Good;0;0;31.5;0.0;0.6;install;-;-;FRONT_TO_REAR;wo2126565;;1;PE_NO_INFO;;
2025-10-24 21:32:34;E20251024T213306;Good;0;0;59.9;0.0;1.0;install;-;-;REAR_TO_FRONT;wo2126565;;1;PE_NO_INFO;;
2025-10-24 21:31:55;2002626989;Good;0;0;31.5;0.0;0.6;install;-;-;FRONT_TO_REAR;wo2126565;;1;PE_NO_INFO;;
2025-10-24 21:30:28;E20251024T213058;Warn;0;4;80.7;0.0;1.0;install;-;-;REAR_TO_FRONT;wo2126565;;1;PE_NO_INFO;;
2025-10-24 21:29:51;2002626991;Good;0;0;29.8;0.0;0.7;install;-;-;FRONT_TO_REAR;wo2126565;;1;PE_NO_INFO;;
2025-10-24 21:29:12;2002626992;Good;0;0;31.5;0.0;0.6;install;-;-;REAR_TO_FRONT;wo2126565;;1;PE_NO_INFO;;
2025-10-24 21:26:50;2002626993;NoGood;19;12;28.0;106.9;1.0;install;Pass;install;FRONT_TO_REAR;wo2126565;;1;PE_NO_INFO;;
2025-10-24 21:26:11;2002626994;Good;0;0;31.5;0.0;0.6;install;-;-;REAR_TO_FRONT;wo2126565;;1;PE_NO_INFO;;
2025-10-24 21:24:51;E20251024T212519;NoGood;1;24;66.4;7.4;1.0;install;Pass;install;FRONT_TO_REAR;wo2126565;;1;PE_NO_INFO;;
2025-10-24 21:24:09;2002626996;Good;0;0;34.8;0.0;0.7;install;-;-;REAR_TO_FRONT;wo2126565;;1;PE_NO_INFO;;
2025-10-24 21:23:32;2002626997;Warn;0;16;29.8;0.0;0.6;install;-;-;FRONT_TO_REAR;wo2126565;;1;PE_NO_INFO;;
2025-10-24 21:22:14;E20251024T212248;Good;0;0;71.0;0.0;0.8;install;-;-;REAR_TO_FRONT;wo2126565;;1;PE_NO_INFO;;
2025-10-24 21:21:18;E20251024T212146;Warn;0;31;49.5;0.0;0.8;install;-;-;FRONT_TO_REAR;wo2126565;;1;PE_NO_INFO;;
2025-10-24 21:20:09;2002626805;NoGood;4;26;35.9;27.2;0.8;install;Pass;install;REAR_TO_FRONT;wo2126565;;1;PE_NO_INFO;;
2025-10-24 21:19:04;E20251024T211939;Warn;0;5;58.7;0.0;1.0;install;-;-;FRONT_TO_REAR;wo2126565;;1;PE_NO_INFO;;
2025-10-24 21:18:20;2002626803;Warn;0;6;35.9;0.0;0.6;install;-;-;REAR_TO_FRONT;wo2126565;;1;PE_NO_INFO;;
2025-10-24 21:16:20;E20251024T211653;Warn;0;8;114.2;0.0;0.8;install;-;-;FRONT_TO_REAR;wo2126565;;1;PE_NO_INFO;;
2025-10-24 21:15:20;E20251024T211553;Warn;0;4;49.6;0.0;4.8;install;-;-;REAR_TO_FRONT;wo2126565;;1;PE_NO_INFO;;
2025-10-24 21:14:23;2002626801;Warn;0;54;35.0;0.0;15.3;install;-;-;FRONT_TO_REAR;wo2126565;;1;PE_NO_INFO;;
2025-10-24 21:12:49;2002626799;Good;0;0;32.4;0.0;54.9;install;-;-;REAR_TO_FRONT;wo2126565;;1;PE_NO_INFO;;
2025-10-24 21:11:05;2002626794;Warn;0;4;33.2;0.0;64.3;install;-;-;FRONT_TO_REAR;wo2126565;;1;PE_NO_INFO;;
2025-10-24 21:10:29;2002626795;Warn;0;1;27.9;0.0;0.7;install;-;-;REAR_TO_FRONT;wo2126565;;1;PE_NO_INFO;;
2025-10-24 21:09:53;2002626796;Good;0;0;28.8;0.0;0.6;install;-;-;FRONT_TO_REAR;wo2126565;;1;PE_NO_INFO;;
2025-10-24 21:08:38;E20251024T210911;Good;0;0;67.9;0.0;0.8;install;-;-;REAR_TO_FRONT;wo2126565;;1;PE_NO_INFO;;
2025-10-24 21:05:43;E20251024T210620;Good;0;0;169.3;0.0;0.8;install;-;-;FRONT_TO_REAR;wo2126565;;1;PE_NO_INFO;;
2025-10-24 21:04:40;E20251024T210507;Warn;0;4;56.9;0.0;0.8;install;-;-;REAR_TO_FRONT;wo2126565;;1;PE_NO_INFO;;
2025-10-24 21:03:50;2002626597;Good;0;0;28.0;0.0;14.8;install;-;-;FRONT_TO_REAR;wo2126565;;1;PE_NO_INFO;;
2025-10-24 21:02:03;E20251024T210238;Good;0;0;100.8;0.0;0.8;install;-;-;REAR_TO_FRONT;wo2126565;;1;PE_NO_INFO;;
2025-10-24 21:01:07;E20251024T210137;Warn;0;24;49.1;0.0;0.8;install;-;-;FRONT_TO_REAR;wo2126565;;1;PE_NO_INFO;;
2025-10-24 21:00:05;E20251024T210035;Good;0;0;56.0;0.0;1.0;install;-;-;REAR_TO_FRONT;wo2126565;;1;PE_NO_INFO;;
2025-10-24 20:59:30;2002626601;Warn;0;24;28.0;0.0;0.6;install;-;-;FRONT_TO_REAR;wo2126565;;1;PE_NO_INFO;;
2025-10-24 20:58:12;E20251024T205839;Good;0;0;71.7;0.0;0.9;install;-;-;REAR_TO_FRONT;wo2126565;;1;PE_NO_INFO;;
2025-10-24 20:57:29;2002626603;Warn;0;1;35.0;0.0;0.6;install;-;-;FRONT_TO_REAR;wo2126565;;1;PE_NO_INFO;;
2025-10-24 20:55:31;E20251024T205601;Good;0;0;112.1;0.0;0.8;install;-;-;REAR_TO_FRONT;wo2126565;;1;PE_NO_INFO;;
2025-10-24 20:54:27;2002626605;Good;0;0;35.9;0.0;20.4;install;-;-;FRONT_TO_REAR;wo2126565;;1;PE_NO_INFO;;
2025-10-24 20:53:30;2002626606;Good;0;0;28.9;0.0;21.5;install;-;-;REAR_TO_FRONT;wo2126565;;1;PE_NO_INFO;;
2025-10-24 20:52:33;2002626607;Warn;0;5;29.6;0.0;21.3;install;-;-;FRONT_TO_REAR;wo2126565;;1;PE_NO_INFO;;
2025-10-24 20:51:57;2002626608;Good;0;0;28.0;0.0;0.6;install;-;-;REAR_TO_FRONT;wo2126565;;1;PE_NO_INFO;;
2025-10-24 20:50:55;E20251024T205131;Good;0;0;55.6;0.0;0.9;install;-;-;FRONT_TO_REAR;wo2126565;;1;PE_NO_INFO;;
2025-10-24 20:50:18;2002626610;Warn;0;1;29.6;0.0;0.7;install;-;-;REAR_TO_FRONT;wo2126565;;1;PE_NO_INFO;;
2025-10-24 20:49:14;E20251024T204945;Good;0;0;58.1;0.0;1.0;install;-;-;FRONT_TO_REAR;wo2126565;;1;PE_NO_INFO;;
2025-10-24 20:48:29;2002626612;Good;0;0;36.7;0.0;0.6;install;-;-;REAR_TO_FRONT;wo2126565;;1;PE_NO_INFO;;
2025-10-24 20:47:44;E20251024T204820;Warn;0;1;39.3;0.0;0.8;install;-;-;FRONT_TO_REAR;wo2126565;;1;PE_NO_INFO;;
2025-10-24 20:46:56;E20251024T204731;Good;0;0;41.4;0.0;0.8;install;-;-;REAR_TO_FRONT;wo2126565;;1;PE_NO_INFO;;
2025-10-24 20:44:49;E20251024T204520;Warn;0;2;120.1;0.0;0.8;install;-;-;FRONT_TO_REAR;wo2126565;;1;PE_NO_INFO;;
2025-10-24 20:43:07;2002626616;Warn;0;6;34.1;0.0;61.3;install;-;-;REAR_TO_FRONT;wo2126565;;1;PE_NO_INFO;;
2025-10-24 20:42:10;2002626617;Warn;0;5;35.1;0.0;15.8;install;-;-;FRONT_TO_REAR;wo2126565;;1;PE_NO_INFO;;
2025-10-24 20:41:27;2002626538;Good;0;0;28.8;0.0;7.2;install;-;-;REAR_TO_FRONT;wo2126565;;1;PE_NO_INFO;;
2025-10-24 20:40:51;2002626539;Good;0;0;28.0;0.0;0.6;install;-;-;FRONT_TO_REAR;wo2126565;;1;PE_NO_INFO;;
2025-10-24 20:39:36;E20251024T204006;Warn;0;11;68.8;0.0;0.8;install;-;-;REAR_TO_FRONT;wo2126565;;1;PE_NO_INFO;;
2025-10-24 20:38:20;E20251024T203853;Warn;0;27;69.5;0.0;0.8;install;-;-;FRONT_TO_REAR;wo2126565;;1;PE_NO_INFO;;
2025-10-24 20:37:11;2002626542;NoGood;1;25;30.7;31.8;0.9;install;Pass;install;REAR_TO_FRONT;wo2126565;;1;PE_NO_INFO;;
2025-10-24 20:36:35;2002626543;Good;0;0;28.8;0.0;0.8;install;-;-;FRONT_TO_REAR;wo2126565;;1;PE_NO_INFO;;
2025-10-24 20:35:58;2002626544;Warn;0;2;29.8;0.0;0.6;install;-;-;REAR_TO_FRONT;wo2126565;;1;PE_NO_INFO;;
2025-10-24 20:35:14;E20251024T203548;Good;0;0;37.5;0.0;1.5;install;-;-;FRONT_TO_REAR;wo2126565;;1;PE_NO_INFO;;
2025-10-24 20:33:40;2002626546;Good;0;0;28.0;0.0;0.6;install;-;-;REAR_TO_FRONT;wo2126565;;1;PE_NO_INFO;;
2025-10-24 20:32:11;E20251024T203243;Warn;0;5;82.5;0.0;0.8;install;-;-;FRONT_TO_REAR;wo2126565;;1;PE_NO_INFO;;
2025-10-24 20:31:14;2002626548;Warn;0;9;28.0;0.0;22.7;install;-;-;REAR_TO_FRONT;wo2126565;;1;PE_NO_INFO;;
2025-10-24 20:30:27;2002626549;Warn;0;10;28.8;0.0;11.1;install;-;-;FRONT_TO_REAR;wo2126565;;1;PE_NO_INFO;;
2025-10-24 20:28:59;E20251024T202929;Warn;0;1;81.5;0.0;0.8;install;-;-;REAR_TO_FRONT;wo2126565;;1;PE_NO_INFO;;
2025-10-24 20:27:55;2002626499;Warn;0;13;28.8;0.0;28.1;install;-;-;FRONT_TO_REAR;wo2126565;;2;PE_NO_INFO;;
2025-10-24 20:26:58;E20251024T202731;Good;0;0;41.8;0.0;9.6;install;-;-;REAR_TO_FRONT;wo2126565;;1;PE_NO_INFO;;
2025-10-24 20:24:48;2002626552;Good;0;0;30.6;0.0;93.1;install;-;-;FRONT_TO_REAR;wo2126565;;1;PE_NO_INFO;;
2025-10-24 20:22:09;2002626553;Good;0;0;32.3;0.0;119.8;install;-;-;REAR_TO_FRONT;wo2126565;;1;PE_NO_INFO;;
2025-10-24 20:21:09;2002626554;Good;0;0;33.2;0.0;20.3;install;-;-;FRONT_TO_REAR;wo2126565;;1;PE_NO_INFO;;
2025-10-24 20:20:13;2002626555;Good;0;0;36.0;0.0;13.0;install;-;-;REAR_TO_FRONT;wo2126565;;1;PE_NO_INFO;;
2025-10-24 20:19:28;2002626520;Good;0;0;37.1;0.0;0.6;install;-;-;FRONT_TO_REAR;wo2126565;;1;PE_NO_INFO;;
2025-10-24 20:18:15;2002626595;Good;0;0;36.9;0.0;29.7;install;-;-;REAR_TO_FRONT;wo2126565;;1;PE_NO_INFO;;
2025-10-24 20:17:30;2002626507;Good;0;0;36.9;0.0;0.8;install;-;-;FRONT_TO_REAR;wo2126565;;1;PE_NO_INFO;;
2025-10-24 20:16:48;2002626508;Good;0;0;35.0;0.0;0.6;install;-;-;REAR_TO_FRONT;wo2126565;;1;PE_NO_INFO;;
2025-10-24 20:15:20;E20251024T201554;Good;0;0;81.1;0.0;0.8;install;-;-;FRONT_TO_REAR;wo2126565;;1;PE_NO_INFO;;
2025-10-24 20:12:36;E20251024T201306;Good;0;0;158.2;0.0;1.0;install;-;-;REAR_TO_FRONT;wo2126565;;1;PE_NO_INFO;;
2025-10-24 20:11:54;2002626511;Warn;0;7;34.1;0.0;0.7;install;-;-;FRONT_TO_REAR;wo2126565;;1;PE_NO_INFO;;
2025-10-24 20:11:13;2002626512;Good;0;0;34.2;0.0;0.6;install;-;-;REAR_TO_FRONT;wo2126565;;1;PE_NO_INFO;;
2025-10-24 20:08:58;2002626513;Warn;0;1;29.7;0.0;98.3;install;-;-;FRONT_TO_REAR;wo2126565;;1;PE_NO_INFO;;
2025-10-24 20:07:59;2002626514;Good;0;0;29.7;0.0;22.4;install;-;-;REAR_TO_FRONT;wo2126565;;1;PE_NO_INFO;;
2025-10-24 20:07:15;2002626515;Good;0;0;36.0;0.0;0.7;install;-;-;FRONT_TO_REAR;wo2126565;;1;PE_NO_INFO;;
2025-10-24 20:06:32;2002626516;Warn;0;5;35.8;0.0;0.6;install;-;-;REAR_TO_FRONT;wo2126565;;1;PE_NO_INFO;;
2025-10-24 20:05:05;E20251024T200536;Good;0;0;80.3;0.0;0.8;install;-;-;FRONT_TO_REAR;wo2126565;;1;PE_NO_INFO;;
2025-10-24 20:04:04;2002626532;Good;0;0;31.5;0.0;23.1;install;-;-;REAR_TO_FRONT;wo2126565;;1;PE_NO_INFO;;
2025-10-24 20:03:07;2002626533;Good;0;0;29.7;0.0;21.0;install;-;-;FRONT_TO_REAR;wo2126565;;1;PE_NO_INFO;;
2025-10-24 20:02:09;2002626534;Good;0;0;36.2;0.0;14.2;install;-;-;REAR_TO_FRONT;wo2126565;;1;PE_NO_INFO;;
2025-10-24 20:01:06;2002626535;Good;0;0;36.0;0.0;21.2;install;-;-;FRONT_TO_REAR;wo2126565;;1;PE_NO_INFO;;
2025-10-24 19:59:58;2002626536;Good;0;0;28.0;0.0;32.7;install;-;-;REAR_TO_FRONT;wo2126565;;1;PE_NO_INFO;;
2025-10-24 19:59:00;2002626537;Good;0;0;37.0;0.0;14.7;install;-;-;FRONT_TO_REAR;wo2126565;;1;PE_NO_INFO;;
2025-10-24 19:58:15;2002626487;Good;0;0;36.8;0.0;15.0;install;-;-;REAR_TO_FRONT;wo2126565;;1;PE_NO_INFO;;
2025-10-24 19:57:21;2002626488;Warn;0;25;32.5;0.0;0.8;install;-;-;FRONT_TO_REAR;wo2126565;;1;PE_NO_INFO;;
2025-10-24 19:56:42;2002626489;Good;0;0;31.4;0.0;19.4;install;-;-;REAR_TO_FRONT;wo2126565;;1;PE_NO_INFO;;
2025-10-24 19:55:48;2002626490;Warn;0;1;27.9;0.0;0.8;install;-;-;FRONT_TO_REAR;wo2126565;;1;PE_NO_INFO;;
2025-10-24 19:55:11;2002626491;Warn;0;1;29.8;0.0;0.7;install;-;-;REAR_TO_FRONT;wo2126565;;1;PE_NO_INFO;;
2025-10-24 19:54:34;2002626492;Warn;0;10;29.7;0.0;0.7;install;-;-;FRONT_TO_REAR;wo2126565;;1;PE_NO_INFO;;
2025-10-24 19:53:55;2002626493;Warn;0;2;31.4;0.0;0.7;install;-;-;REAR_TO_FRONT;wo2126565;;1;PE_NO_INFO;;
2025-10-24 19:53:12;2002626497;Warn;0;2;35.0;0.0;0.6;install;-;-;FRONT_TO_REAR;wo2126565;;1;PE_NO_INFO;;
2025-10-24 19:52:28;E20251024T195303;Warn;0;2;37.5;0.0;0.9;install;-;-;REAR_TO_FRONT;wo2126565;;1;PE_NO_INFO;;
2025-10-24 19:50:09;2002626499;NoGood;2296;211;35.0;97.6;782.4;install;NoGood operator;install;FRONT_TO_REAR;wo2126565;;1;PE_NO_INFO;;
2025-10-24 19:36:23;2002626500;Warn;0;10;36.9;0.0;0.8;install;-;-;REAR_TO_FRONT;wo2126565;;1;PE_NO_INFO;;
2025-10-24 19:35:43;2002626501;Good;0;0;33.3;0.0;0.6;install;-;-;FRONT_TO_REAR;wo2126565;;1;PE_NO_INFO;;
2025-10-24 19:34:33;2002626502;NoGood;2;22;35.0;15.5;13.7;install;Pass;install;REAR_TO_FRONT;wo2126565;;1;PE_NO_INFO;;
2025-10-24 19:33:49;2002626506;Good;0;0;36.9;0.0;0.7;install;-;-;FRONT_TO_REAR;wo2126565;;2;PE_NO_INFO;;
2025-10-24 19:33:07;2002626503;Warn;0;4;34.2;0.0;0.7;install;-;-;REAR_TO_FRONT;wo2126565;;1;PE_NO_INFO;;
2025-10-24 19:32:28;2002626504;Warn;0;6;31.5;0.0;0.7;install;-;-;FRONT_TO_REAR;wo2126565;;1;PE_NO_INFO;;
2025-10-24 19:31:49;2002626505;Warn;0;10;31.5;0.0;0.6;install;-;-;REAR_TO_FRONT;wo2126565;;1;PE_NO_INFO;;
2025-10-24 19:29:39;2002626506;NoGood;6;21;32.4;91.2;977.2;install;NoGood operator;install;FRONT_TO_REAR;wo2126565;;1;PE_NO_INFO;;
2025-10-24 19:12:47;2002626581;Good;0;0;28.0;0.0;0.8;install;-;-;REAR_TO_FRONT;wo2126565;;1;PE_NO_INFO;;
2025-10-24 19:12:08;2002626582;Good;0;0;31.4;0.0;0.7;install;-;-;FRONT_TO_REAR;wo2126565;;1;PE_NO_INFO;;
2025-10-24 19:11:33;2002626583;Good;0;0;27.9;0.0;0.7;install;-;-;REAR_TO_FRONT;wo2126565;;1;PE_NO_INFO;;
2025-10-24 19:10:48;2002626584;Warn;0;1;37.0;0.0;0.7;install;-;-;FRONT_TO_REAR;wo2126565;;1;PE_NO_INFO;;
2025-10-24 19:10:07;2002626585;Good;0;0;33.3;0.0;0.7;install;-;-;REAR_TO_FRONT;wo2126565;;1;PE_NO_INFO;;
2025-10-24 19:09:26;2002626586;Good;0;0;34.1;0.0;61.2;install;-;-;FRONT_TO_REAR;wo2126565;;1;PE_NO_INFO;;
2025-10-24 19:07:49;2002626587;Good;0;0;28.9;0.0;0.6;install;-;-;REAR_TO_FRONT;wo2126565;;1;PE_NO_INFO;;
2025-10-24 19:05:02;E20251024T190531;Warn;0;1;160.6;0.0;0.8;install;-;-;FRONT_TO_REAR;wo2126565;;1;PE_NO_INFO;;
2025-10-24 19:04:16;E20251024T190445;Good;0;0;39.3;0.0;1.0;install;-;-;REAR_TO_FRONT;wo2126565;;1;PE_NO_INFO;;
2025-10-24 19:03:40;2002626575;Good;0;0;28.7;0.0;0.6;install;-;-;FRONT_TO_REAR;wo2126565;;1;PE_NO_INFO;;
2025-10-24 19:01:17;E20251024T190153;Good;0;0;136.5;0.0;0.9;install;-;-;REAR_TO_FRONT;wo2126565;;1;PE_NO_INFO;;
2025-10-24 19:00:33;2002626577;Warn;0;1;36.9;0.0;0.7;install;-;-;FRONT_TO_REAR;wo2126565;;1;PE_NO_INFO;;
2025-10-24 18:59:48;2002626578;Good;0;0;36.8;0.0;0.7;install;-;-;REAR_TO_FRONT;wo2126565;;1;PE_NO_INFO;;
2025-10-24 18:59:10;2002626579;Good;0;0;30.6;0.0;0.6;install;-;-;FRONT_TO_REAR;wo2126565;;1;PE_NO_INFO;;
2025-10-24 18:54:33;E20251024T185502;Good;0;0;270.8;0.0;0.8;install;-;-;REAR_TO_FRONT;wo2126565;;1;PE_NO_INFO;;
2025-10-24 18:53:36;E20251024T185405;Good;0;0;37.5;0.0;14.0;install;-;-;FRONT_TO_REAR;wo2126565;;1;PE_NO_INFO;;
2025-10-24 18:52:38;2002626568;Good;0;0;32.3;0.0;19.0;install;-;-;REAR_TO_FRONT;wo2126565;;1;PE_NO_INFO;;
2025-10-24 18:51:51;2002626569;Good;0;0;34.2;0.0;6.3;install;-;-;FRONT_TO_REAR;wo2126565;;1;PE_NO_INFO;;
2025-10-24 18:51:12;2002626570;Good;0;0;31.5;0.0;0.7;install;-;-;REAR_TO_FRONT;wo2126565;;1;PE_NO_INFO;;
2025-10-24 18:50:36;2002626571;Good;0;0;28.0;0.0;0.6;install;-;-;FRONT_TO_REAR;wo2126565;;1;PE_NO_INFO;;
2025-10-24 18:49:16;E20251024T184946;Good;0;0;73.6;0.0;0.8;install;-;-;REAR_TO_FRONT;wo2126565;;1;PE_NO_INFO;;
2025-10-24 18:44:04;2002626563;Warn;0;1;28.0;0.0;277.7;install;-;-;FRONT_TO_REAR;wo2126565;;1;PE_NO_INFO;;
2025-10-24 18:43:01;2002626564;Good;0;0;33.4;0.0;23.0;install;-;-;REAR_TO_FRONT;wo2126565;;1;PE_NO_INFO;;
2025-10-24 18:41:32;2002626565;NoGood;1;1;29.7;52.8;0.8;install;Pass;install;FRONT_TO_REAR;wo2126565;;1;PE_NO_INFO;;
2025-10-24 18:40:33;2002626560;Good;0;0;29.7;0.0;21.9;install;-;-;REAR_TO_FRONT;wo2126565;;1;PE_NO_INFO;;
2025-10-24 18:39:49;2002626561;Warn;0;1;32.3;0.0;5.7;install;-;-;FRONT_TO_REAR;wo2126565;;1;PE_NO_INFO;;
2025-10-24 18:39:08;2002626562;Warn;0;3;33.2;0.0;0.7;install;-;-;REAR_TO_FRONT;wo2126565;;1;PE_NO_INFO;;
2025-10-24 18:38:23;2002626525;Good;0;0;36.9;0.0;0.7;install;-;-;FRONT_TO_REAR;wo2126565;;1;PE_NO_INFO;;
2025-10-24 18:37:39;2002626526;Good;0;0;36.9;0.0;0.6;install;-;-;REAR_TO_FRONT;wo2126565;;1;PE_NO_INFO;;
2025-10-24 18:35:17;E20251024T183549;Good;0;0;135.5;0.0;1.0;install;-;-;FRONT_TO_REAR;wo2126565;;1;PE_NO_INFO;;
2025-10-24 18:34:40;2002626528;Good;0;0;29.7;0.0;0.6;install;-;-;REAR_TO_FRONT;wo2126565;;1;PE_NO_INFO;;
2025-10-24 18:33:36;2002626529;NoGood;1;0;35.1;22.6;0.9;install;Pass;install;FRONT_TO_REAR;wo2126565;;1;PE_NO_INFO;;
2025-10-24 18:32:59;2002626517;Warn;0;8;29.7;0.0;0.7;install;-;-;REAR_TO_FRONT;wo2126565;;1;PE_NO_INFO;;
2025-10-24 18:32:15;2002626518;Good;0;0;35.9;0.0;0.8;install;-;-;FRONT_TO_REAR;wo2126565;;1;PE_NO_INFO;;
2025-10-24 18:31:32;2002626594;Good;0;0;35.0;0.0;0.7;install;-;-;REAR_TO_FRONT;wo2126565;;1;PE_NO_INFO;;
2025-10-24 18:30:57;2002626589;Warn;0;1;28.0;0.0;0.6;install;-;-;FRONT_TO_REAR;wo2126565;;1;PE_NO_INFO;;
2025-10-24 18:29:13;E20251024T182942;Warn;0;1;97.3;0.0;12.2;install;-;-;REAR_TO_FRONT;wo2126565;;1;PE_NO_INFO;;
2025-10-24 18:28:24;2002626591;Good;0;0;30.7;0.0;0.8;install;-;-;FRONT_TO_REAR;wo2126565;;1;PE_NO_INFO;;
2025-10-24 18:27:40;2002626592;Warn;0;5;36.1;0.0;19.2;install;-;-;REAR_TO_FRONT;wo2126565;;1;PE_NO_INFO;;
2025-10-24 18:26:37;2002626593;Good;0;0;37.0;0.0;53.5;install;-;-;FRONT_TO_REAR;wo2126565;;1;PE_NO_INFO;;
2025-10-24 18:25:00;2002626580;Good;0;0;37.1;0.0;120.8;install;-;-;REAR_TO_FRONT;wo2126565;;1;PE_NO_INFO;;
2025-10-24 18:22:24;2002626519;Warn;0;1;28.0;0.0;47.0;install;-;-;FRONT_TO_REAR;wo2126565;;1;PE_NO_INFO;;
2025-10-24 18:20:59;E20251024T182128;Good;0;0;32.6;0.0;0.9;install;-;-;REAR_TO_FRONT;wo2126565;;1;PE_NO_INFO;;
2025-10-24 18:20:16;2002626522;Good;0;0;35.1;0.0;0.7;install;-;-;FRONT_TO_REAR;wo2126565;;1;PE_NO_INFO;;
2025-10-24 18:19:32;2002626523;Warn;0;1;37.0;0.0;0.7;install;-;-;REAR_TO_FRONT;wo2126565;;1;PE_NO_INFO;;
2025-10-24 18:18:47;2002626524;Good;0;0;36.8;0.0;0.7;install;-;-;FRONT_TO_REAR;wo2126565;;1;PE_NO_INFO;;
2025-10-24 18:18:08;2002626557;Good;0;0;31.4;0.0;0.6;install;-;-;REAR_TO_FRONT;wo2126565;;1;PE_NO_INFO;;
2025-10-24 18:16:59;E20251024T181732;Good;0;0;63.2;0.0;0.8;install;-;-;FRONT_TO_REAR;wo2126565;;1;PE_NO_INFO;;
2025-10-24 18:16:10;E20251024T181640;Warn;0;26;42.4;0.0;249.0;install;-;-;REAR_TO_FRONT;wo2126565;;1;PE_NO_INFO;;
2025-10-24 18:11:27;2002626558;Good;0;0;28.0;0.0;2.4;install;-;-;FRONT_TO_REAR;wo2126565;;1;PE_NO_INFO;;
2025-10-24 18:10:42;2002626556;Warn;0;24;35.9;0.0;463.4;install;-;-;REAR_TO_FRONT;wo2126565;;1;PE_NO_INFO;;
2025-10-24 18:02:23;2002626494;Good;0;0;28.2;0.0;1.3;install;-;-;REAR_TO_FRONT;wo2126565;;2;PE_NO_INFO;;
2025-10-24 18:00:02;2002626496;NoGood;1;3;28.9;12.6;0.8;install;Pass;install;REAR_TO_FRONT;wo2126565;;1;PE_NO_INFO;;
2025-10-24 17:57:27;2002626494;NoGood;2;3;28.7;120.1;13.7;install;NoGood operator;install;FRONT_TO_REAR;wo2126565;;1;PE_NO_INFO;;
2025-10-24 17:56:35;2002626495;Warn;0;4;33.0;0.0;1.5;install;-;-;REAR_TO_FRONT;wo2126565;;1;PE_NO_INFO;;
2025-10-24 17:23:04;E20251024T172439;Good;0;0;44.9;0.0;3.3;install;-;-;FRONT_TO_REAR;wo2126565;;1;PE_NO_INFO;;
